"city","year","floor_area_band","records","floor_area_midpoint","total_records_with_floor_area","share_percent"
"Birmingham","2016","0-25",1638,12.5,16777,9.76336651367944
"Birmingham","2016","150-250",1969,200,16777,11.7363056565536
"Birmingham","2016","1,600-2,500",114,2050,16777,0.679501698754247
"Birmingham","2016","50-75",3257,62.5,16777,19.4134827442332
"Birmingham","2016","400-650",602,525,16777,3.5882458127198
"Birmingham","2016",">4,000",107,5200,16777,0.637777910234249
"Birmingham","2016","100-150",2402,125,16777,14.3172200035763
"Birmingham","2016","1,000-1,600",188,1300,16777,1.12058174882279
"Birmingham","2016","25-50",2987,37.5,16777,17.8041366156047
"Birmingham","2016","250-400",1028,325,16777,6.12743637122251
"Birmingham","2016","2,500-4,000",74,3250,16777,0.441080050068546
"Birmingham","2016","75-100",2061,87.5,16777,12.2846754485307
"Birmingham","2016","650-1,000",350,825,16777,2.08618942599988
"Birmingham","2019","75-100",1893,87.5,14763,12.8225970331233
"Birmingham","2019","650-1,000",266,825,14763,1.8018018018018
"Birmingham","2019","0-25",1429,12.5,14763,9.67960441644652
"Birmingham","2019","150-250",1626,200,14763,11.0140215403373
"Birmingham","2019","1,600-2,500",90,2050,14763,0.609632188579557
"Birmingham","2019","50-75",2989,62.5,14763,20.2465623518255
"Birmingham","2019","400-650",481,525,14763,3.25814536340852
"Birmingham","2019",">4,000",73,5200,14763,0.494479441847863
"Birmingham","2019","100-150",2098,125,14763,14.2112036848879
"Birmingham","2019","1,000-1,600",152,1300,14763,1.02960102960103
"Birmingham","2019","25-50",2763,37.5,14763,18.7157081893924
"Birmingham","2019","250-400",854,325,14763,5.78473210052157
"Birmingham","2019","2,500-4,000",49,3250,14763,0.331910858226648
"Birmingham","2022","250-400",937,325,16018,5.84966912223748
"Birmingham","2022","2,500-4,000",54,3250,16018,0.337120739168436
"Birmingham","2022","75-100",1992,87.5,16018,12.4360094893245
"Birmingham","2022","650-1,000",286,825,16018,1.78549132226245
"Birmingham","2022","0-25",1707,12.5,16018,10.6567611437133
"Birmingham","2022","150-250",1760,200,16018,10.9876389062305
"Birmingham","2022","1,600-2,500",101,2050,16018,0.630540641778
"Birmingham","2022","50-75",3128,62.5,16018,19.5280309651642
"Birmingham","2022","400-650",537,525,16018,3.35247846173055
"Birmingham","2022",">4,000",96,5200,16018,0.599325758521663
"Birmingham","2022","100-150",2256,125,16018,14.0841553252591
"Birmingham","2022","1,000-1,600",162,1300,16018,1.01136221750531
"Birmingham","2022","25-50",3002,37.5,16018,18.7414159071045
"Birmingham","2025","1,000-1,600",139,1300,14514,0.957696017638142
"Birmingham","2025","25-50",2808,37.5,14514,19.346837536172
"Birmingham","2025","250-400",818,325,14514,5.63593771530936
"Birmingham","2025","2,500-4,000",40,3250,14514,0.275595976298746
"Birmingham","2025","75-100",1842,87.5,14514,12.6911947085573
"Birmingham","2025","650-1,000",238,825,14514,1.63979605897754
"Birmingham","2025","0-25",1466,12.5,14514,10.100592531349
"Birmingham","2025","150-250",1580,200,14514,10.8860410638005
"Birmingham","2025","1,600-2,500",89,2050,14514,0.61320104726471
"Birmingham","2025","50-75",2888,62.5,14514,19.8980294887695
"Birmingham","2025","400-650",477,525,14514,3.28648201736255
"Birmingham","2025",">4,000",72,5200,14514,0.496072757337743
"Birmingham","2025","100-150",2057,125,14514,14.172523081163
"Liverpool","2016","650-1,000",202,825,9155,2.20644456581103
"Liverpool","2016","0-25",1397,12.5,9155,15.2594210813763
"Liverpool","2016","150-250",929,200,9155,10.1474604041507
"Liverpool","2016","1,600-2,500",57,2050,9155,0.622610595303113
"Liverpool","2016","50-75",1400,62.5,9155,15.2921900600765
"Liverpool","2016","400-650",327,525,9155,3.57181867831786
"Liverpool","2016",">4,000",77,5200,9155,0.841070453304205
"Liverpool","2016","100-150",1206,125,9155,13.1731294374659
"Liverpool","2016","1,000-1,600",141,1300,9155,1.5401419989077
"Liverpool","2016","25-50",1782,37.5,9155,19.4647733478973
"Liverpool","2016","250-400",605,325,9155,6.60841070453304
"Liverpool","2016","2,500-4,000",49,3250,9155,0.535226652102676
"Liverpool","2016","75-100",983,87.5,9155,10.7373020207537
"Liverpool","2019","2,500-4,000",35,3250,7889,0.443655723158829
"Liverpool","2019","75-100",857,87.5,7889,10.863227278489
"Liverpool","2019","650-1,000",152,825,7889,1.92673342628977
"Liverpool","2019","0-25",1201,12.5,7889,15.2237292432501
"Liverpool","2019","150-250",809,200,7889,10.2547851438712
"Liverpool","2019","1,600-2,500",39,2050,7889,0.494359234376981
"Liverpool","2019","50-75",1230,62.5,7889,15.5913296995817
"Liverpool","2019","400-650",278,525,7889,3.52389402966155
"Liverpool","2019",">4,000",56,5200,7889,0.709849157054126
"Liverpool","2019","100-150",1097,125,7889,13.9054379515781
"Liverpool","2019","1,000-1,600",120,1300,7889,1.52110533654456
"Liverpool","2019","25-50",1528,37.5,7889,19.368741285334
"Liverpool","2019","250-400",487,325,7889,6.17315249080999
"Liverpool","2022","25-50",1614,37.5,8875,18.1859154929577
"Liverpool","2022","250-400",529,325,8875,5.96056338028169
"Liverpool","2022","2,500-4,000",34,3250,8875,0.383098591549296
"Liverpool","2022","75-100",918,87.5,8875,10.343661971831
"Liverpool","2022","650-1,000",169,825,8875,1.90422535211268
"Liverpool","2022","0-25",1764,12.5,8875,19.8760563380282
"Liverpool","2022","150-250",859,200,8875,9.67887323943662
"Liverpool","2022","1,600-2,500",50,2050,8875,0.563380281690141
"Liverpool","2022","50-75",1294,62.5,8875,14.5802816901408
"Liverpool","2022","400-650",289,525,8875,3.25633802816901
"Liverpool","2022",">4,000",60,5200,8875,0.676056338028169
"Liverpool","2022","100-150",1171,125,8875,13.1943661971831
"Liverpool","2022","1,000-1,600",124,1300,8875,1.39718309859155
"Liverpool","2025","100-150",1075,125,8133,13.2177548260175
"Liverpool","2025","1,000-1,600",106,1300,8133,1.30333210377474
"Liverpool","2025","25-50",1493,37.5,8133,18.3573097258084
"Liverpool","2025","250-400",456,325,8133,5.60678716340834
"Liverpool","2025","2,500-4,000",31,3250,8133,0.38116316242469
"Liverpool","2025","75-100",848,87.5,8133,10.426656830198
"Liverpool","2025","650-1,000",127,825,8133,1.56153940735276
"Liverpool","2025","0-25",1671,12.5,8133,20.5459240132792
"Liverpool","2025","150-250",772,200,8133,9.49219230296324
"Liverpool","2025","1,600-2,500",49,2050,8133,0.602483708348703
"Liverpool","2025","50-75",1208,62.5,8133,14.8530677486782
"Liverpool","2025","400-650",250,525,8133,3.07389647116685
"Liverpool","2025",">4,000",47,5200,8133,0.577892536579368
