geocode_name,year,category_subgroup,n,share
Birmingham,2016,RETAIL_FINANCIAL_AND_PROFESSIONAL_SERVICES,354,2.033547794117647
Birmingham,2016,RETAIL_FOOD_SUPERSTORES,2,0.011488970588235293
Birmingham,2016,RETAIL_HIGH_STREET,14635,84.07054227941177
Birmingham,2016,RETAIL_OTHER_SUPERSTORES_AND_WAREHOUSES,744,4.27389705882353
Birmingham,2016,RETAIL_RESTAURANTS_AND_CAFES,1673,9.610523897058822
Birmingham,2017,RETAIL_FINANCIAL_AND_PROFESSIONAL_SERVICES,313,2.1701449074395063
Birmingham,2017,RETAIL_FOOD_SUPERSTORES,51,0.3536018858767247
Birmingham,2017,RETAIL_HIGH_STREET,12164,84.3375164667545
Birmingham,2017,RETAIL_OTHER_SUPERSTORES_AND_WAREHOUSES,553,3.834153782153505
Birmingham,2017,RETAIL_RESTAURANTS_AND_CAFES,1342,9.304582957775775
Birmingham,2018,RETAIL_FINANCIAL_AND_PROFESSIONAL_SERVICES,314,2.125643108583807
Birmingham,2018,RETAIL_FOOD_SUPERSTORES,53,0.35878689412401843
Birmingham,2018,RETAIL_HIGH_STREET,12450,84.28107229894395
Birmingham,2018,RETAIL_OTHER_SUPERSTORES_AND_WAREHOUSES,576,3.899268887083672
Birmingham,2018,RETAIL_RESTAURANTS_AND_CAFES,1379,9.335228811264555
Birmingham,2019,RETAIL_FINANCIAL_AND_PROFESSIONAL_SERVICES,309,2.020268061457993
Birmingham,2019,RETAIL_FOOD_SUPERSTORES,66,0.43151356652500816
Birmingham,2019,RETAIL_HIGH_STREET,12842,83.96207911082053
Birmingham,2019,RETAIL_OTHER_SUPERSTORES_AND_WAREHOUSES,610,3.9882314481856813
Birmingham,2019,RETAIL_RESTAURANTS_AND_CAFES,1468,9.597907813010789
Birmingham,2020,RETAIL_FINANCIAL_AND_PROFESSIONAL_SERVICES,299,1.876372764355193
Birmingham,2020,RETAIL_FOOD_SUPERSTORES,68,0.4267336052714152
Birmingham,2020,RETAIL_HIGH_STREET,13367,83.8845309068089
Birmingham,2020,RETAIL_OTHER_SUPERSTORES_AND_WAREHOUSES,672,4.217132099152808
Birmingham,2020,RETAIL_RESTAURANTS_AND_CAFES,1529,9.595230624411673
Birmingham,2021,RETAIL_FINANCIAL_AND_PROFESSIONAL_SERVICES,295,1.8109269490484958
Birmingham,2021,RETAIL_FOOD_SUPERSTORES,76,0.46654389195825663
Birmingham,2021,RETAIL_HIGH_STREET,13652,83.80601596071209
Birmingham,2021,RETAIL_OTHER_SUPERSTORES_AND_WAREHOUSES,693,4.254143646408839
Birmingham,2021,RETAIL_RESTAURANTS_AND_CAFES,1574,9.662369551872315
Birmingham,2022,RETAIL_FINANCIAL_AND_PROFESSIONAL_SERVICES,298,1.796046287367406
Birmingham,2022,RETAIL_FOOD_SUPERSTORES,77,0.46407907425265194
Birmingham,2022,RETAIL_HIGH_STREET,13838,83.40163934426229
Birmingham,2022,RETAIL_OTHER_SUPERSTORES_AND_WAREHOUSES,715,4.309305689488911
Birmingham,2022,RETAIL_RESTAURANTS_AND_CAFES,1664,10.028929604628736
Birmingham,2023,RETAIL_FINANCIAL_AND_PROFESSIONAL_SERVICES,258,1.7616934107203823
Birmingham,2023,RETAIL_FOOD_SUPERSTORES,68,0.4643222942983954
Birmingham,2023,RETAIL_HIGH_STREET,12276,83.82383065892796
Birmingham,2023,RETAIL_OTHER_SUPERSTORES_AND_WAREHOUSES,563,3.8443154660293617
Birmingham,2023,RETAIL_RESTAURANTS_AND_CAFES,1480,10.1058381700239
Birmingham,2024,RETAIL_FINANCIAL_AND_PROFESSIONAL_SERVICES,252,1.6965127238454287
Birmingham,2024,RETAIL_FOOD_SUPERSTORES,78,0.5251110811902518
Birmingham,2024,RETAIL_HIGH_STREET,12417,83.59364480947893
Birmingham,2024,RETAIL_OTHER_SUPERSTORES_AND_WAREHOUSES,587,3.9517974956240742
Birmingham,2024,RETAIL_RESTAURANTS_AND_CAFES,1520,10.232933889861316
Birmingham,2025,RETAIL_FINANCIAL_AND_PROFESSIONAL_SERVICES,249,1.6571276454146147
Birmingham,2025,RETAIL_FOOD_SUPERSTORES,78,0.5191002262744576
Birmingham,2025,RETAIL_HIGH_STREET,12541,83.46199920138426
Birmingham,2025,RETAIL_OTHER_SUPERSTORES_AND_WAREHOUSES,600,3.993078663649674
Birmingham,2025,RETAIL_RESTAURANTS_AND_CAFES,1558,10.368694263276987
Liverpool,2016,RETAIL_FINANCIAL_AND_PROFESSIONAL_SERVICES,201,2.026413953019458
Liverpool,2016,RETAIL_FOOD_SUPERSTORES,32,0.3226131666498639
Liverpool,2016,RETAIL_HIGH_STREET,8314,83.81893336021776
Liverpool,2016,RETAIL_OTHER_SUPERSTORES_AND_WAREHOUSES,332,3.347111603992338
Liverpool,2016,RETAIL_RESTAURANTS_AND_CAFES,1040,10.484927916120576
Liverpool,2017,RETAIL_FINANCIAL_AND_PROFESSIONAL_SERVICES,173,2.27991565629942
Liverpool,2017,RETAIL_FOOD_SUPERSTORES,31,0.4085397996837111
Liverpool,2017,RETAIL_HIGH_STREET,6318,83.26304691618344
Liverpool,2017,RETAIL_OTHER_SUPERSTORES_AND_WAREHOUSES,234,3.083816552451239
Liverpool,2017,RETAIL_RESTAURANTS_AND_CAFES,832,10.964681075382183
Liverpool,2018,RETAIL_FINANCIAL_AND_PROFESSIONAL_SERVICES,176,2.2360564096048785
Liverpool,2018,RETAIL_FOOD_SUPERSTORES,31,0.39385084487358657
Liverpool,2018,RETAIL_HIGH_STREET,6515,82.7722017532715
Liverpool,2018,RETAIL_OTHER_SUPERSTORES_AND_WAREHOUSES,274,3.4811332740439584
Liverpool,2018,RETAIL_RESTAURANTS_AND_CAFES,875,11.116757718206074
Liverpool,2019,RETAIL_FINANCIAL_AND_PROFESSIONAL_SERVICES,175,2.0639226323858946
Liverpool,2019,RETAIL_FOOD_SUPERSTORES,35,0.41278452647717895
Liverpool,2019,RETAIL_HIGH_STREET,7064,83.31171128670833
Liverpool,2019,RETAIL_OTHER_SUPERSTORES_AND_WAREHOUSES,286,3.3730392734992334
Liverpool,2019,RETAIL_RESTAURANTS_AND_CAFES,919,10.838542280929355
Liverpool,2020,RETAIL_FINANCIAL_AND_PROFESSIONAL_SERVICES,192,2.0788220008661757
Liverpool,2020,RETAIL_FOOD_SUPERSTORES,37,0.40060632308358596
Liverpool,2020,RETAIL_HIGH_STREET,7727,83.6617583369424
Liverpool,2020,RETAIL_OTHER_SUPERSTORES_AND_WAREHOUSES,306,3.3131225638804676
Liverpool,2020,RETAIL_RESTAURANTS_AND_CAFES,974,10.545690775227373
Liverpool,2021,RETAIL_FINANCIAL_AND_PROFESSIONAL_SERVICES,186,1.9801980198019802
Liverpool,2021,RETAIL_FOOD_SUPERSTORES,38,0.4045565846907271
Liverpool,2021,RETAIL_HIGH_STREET,7846,83.53028851272224
Liverpool,2021,RETAIL_OTHER_SUPERSTORES_AND_WAREHOUSES,307,3.2683913552645585
Liverpool,2021,RETAIL_RESTAURANTS_AND_CAFES,1016,10.816565527520494
Liverpool,2022,RETAIL_FINANCIAL_AND_PROFESSIONAL_SERVICES,188,1.9776982958131708
Liverpool,2022,RETAIL_FOOD_SUPERSTORES,42,0.4418262150220913
Liverpool,2022,RETAIL_HIGH_STREET,7900,83.10540711129812
Liverpool,2022,RETAIL_OTHER_SUPERSTORES_AND_WAREHOUSES,319,3.355775299810646
Liverpool,2022,RETAIL_RESTAURANTS_AND_CAFES,1057,11.119293078055964
Liverpool,2023,RETAIL_FINANCIAL_AND_PROFESSIONAL_SERVICES,151,1.7656688493919552
Liverpool,2023,RETAIL_FOOD_SUPERSTORES,62,0.7249766136576239
Liverpool,2023,RETAIL_HIGH_STREET,6856,80.16838166510757
Liverpool,2023,RETAIL_OTHER_SUPERSTORES_AND_WAREHOUSES,507,5.928437792329279
Liverpool,2023,RETAIL_RESTAURANTS_AND_CAFES,976,11.412535079513564
Liverpool,2024,RETAIL_FINANCIAL_AND_PROFESSIONAL_SERVICES,154,1.788410173034491
Liverpool,2024,RETAIL_FOOD_SUPERSTORES,62,0.7200092904424573
Liverpool,2024,RETAIL_HIGH_STREET,6889,80.00232261061433
Liverpool,2024,RETAIL_OTHER_SUPERSTORES_AND_WAREHOUSES,516,5.9923353849727095
Liverpool,2024,RETAIL_RESTAURANTS_AND_CAFES,990,11.496922540936012
Liverpool,2025,RETAIL_FINANCIAL_AND_PROFESSIONAL_SERVICES,152,1.7417210954508995
Liverpool,2025,RETAIL_FOOD_SUPERSTORES,66,0.7562736335510485
Liverpool,2025,RETAIL_HIGH_STREET,6968,79.84416179672282
Liverpool,2025,RETAIL_OTHER_SUPERSTORES_AND_WAREHOUSES,530,6.073106451243268
Liverpool,2025,RETAIL_RESTAURANTS_AND_CAFES,1011,11.58473702303197
