city,window,cluster_id,n_records,n_unique_uarn,centroid_lon,centroid_lat,centroid_x_m,centroid_y_m,median_lon,median_lat,median_x_m,median_y_m,high_street_share,occupied_share,median_rateable_value,median_floor_area,dominant_subgroup,dominant_subgroup_share
Birmingham,2016,0,171,171,-1.8309085789473682,52.58739640350877,3714.8176490419833,12128.82502385932,-1.829018,52.587273,3843.0021763770096,12115.184000000041,0.8245614035087719,0.47368421052631576,11375.0,89.6,RETAIL_HIGH_STREET,0.8245614035087719
Birmingham,2016,1,205,205,-1.9763257560975611,52.39895508780487,-6144.718841268363,-8701.478014048922,-1.979149,52.398045,-6336.1396680417665,-8802.079119999955,0.8292682926829268,0.5024390243902439,5700.0,74.9,RETAIL_HIGH_STREET,0.8292682926829268
Birmingham,2016,2,342,342,-1.9704840380116955,52.4153458362573,-5748.640236509005,-6889.644680117402,-1.970162,52.416154,-5726.80550150859,-6800.310260000453,0.9005847953216374,0.4766081871345029,9800.0,107.5,RETAIL_HIGH_STREET,0.9005847953216374
Birmingham,2016,3,335,335,-1.9571153313432836,52.45857962985075,-4842.2187682299955,-2110.58113629877,-1.951768,52.458947,-4479.660440953215,-2069.9720400001006,0.835820895522388,0.5313432835820896,10250.0,89.6,RETAIL_HIGH_STREET,0.835820895522388
Birmingham,2016,4,342,342,-1.893023502923977,52.43452868713451,-496.68178687187645,-4769.172344152366,-1.892711,52.434944,-475.49354733471586,-4723.263660000149,0.8245614035087719,0.5701754385964912,11625.0,92.9,RETAIL_HIGH_STREET,0.8245614035087719
Birmingham,2016,5,235,235,-1.9349851021276596,52.44256,-3341.7508952701337,-3881.391020000275,-1.934613,52.443685,-3316.5217264904827,-3757.0335200000877,0.7957446808510639,0.4851063829787234,6050.0,77.94,RETAIL_HIGH_STREET,0.7957446808510639
Birmingham,2016,6,475,475,-1.9245172842105263,52.422388669473676,-2632.0147090058185,-6111.129896379276,-1.922593,52.424042,-2501.544906447234,-5928.370740000318,0.8821052631578947,0.5873684210526315,5100.0,68.44999999999999,RETAIL_HIGH_STREET,0.8821052631578947
Birmingham,2016,7,418,418,-1.8239725622009568,52.56094567703348,4185.091598439421,9204.96171928196,-1.824376,52.560798,4157.737816862934,9188.637499999497,0.8301435406698564,0.47129186602870815,17875.0,102.1,RETAIL_HIGH_STREET,0.8301435406698564
Birmingham,2016,8,230,230,-1.8508817608695654,52.54872003478261,2360.601318834217,7853.53922486922,-1.856422,52.54877,1984.96350944978,7859.062379999407,0.7565217391304347,0.5478260869565217,10500.0,101.4,RETAIL_HIGH_STREET,0.7565217391304347
Birmingham,2016,9,360,360,-1.887576363888889,52.54265943888889,-127.35632521220157,7183.60095477745,-1.884414,52.54063,87.05742403790256,6959.266779999698,0.8777777777777778,0.6,5500.0,84.7,RETAIL_HIGH_STREET,0.8777777777777778
Birmingham,2016,10,264,264,-1.780951227272727,52.455736746212125,7102.012624547935,-2424.833493712442,-1.780303,52.452891,7145.96355644416,-2739.4022800002053,0.8143939393939394,0.49242424242424243,9350.0,87.0,RETAIL_HIGH_STREET,0.8143939393939394
Birmingham,2016,11,271,271,-1.8195010369003692,52.513740007380086,4488.26875902312,3986.846995793058,-1.821268,52.513216,4368.465600281765,3928.9232199996677,0.6863468634686347,0.5239852398523985,6750.0,139.44,RETAIL_HIGH_STREET,0.6863468634686347
Birmingham,2016,12,193,193,-1.9408217512953365,52.48647545595855,-3737.485818596394,973.0234816577195,-1.942003,52.486774,-3817.576526833215,1006.0245399993402,0.9222797927461139,0.5958549222797928,4250.0,71.85,RETAIL_HIGH_STREET,0.9222797927461139
Birmingham,2016,13,842,842,-1.8413811532066509,52.52591496199525,3004.758974541417,5332.666478954574,-1.840272,52.525107,3079.9614831351905,5243.354359999506,0.8978622327790974,0.49287410926365793,6400.0,76.4,RETAIL_HIGH_STREET,0.8978622327790974
Birmingham,2016,14,350,350,-1.8520326628571426,52.489607928571424,2282.568170579851,1319.2870042853845,-1.852635,52.489585,2241.7286689758853,1316.752479999476,0.94,0.6114285714285714,7000.0,77.35,RETAIL_HIGH_STREET,0.94
Birmingham,2016,15,339,339,-1.8267174454277286,52.49164269026549,3998.983761206106,1544.2095619465838,-1.829494,52.493164,3810.7285518894455,1712.3751399996968,0.8908554572271387,0.5339233038348082,5800.0,75.03999999999999,RETAIL_HIGH_STREET,0.8908554572271387
Birmingham,2016,16,280,280,-1.9021446214285715,52.517137521428566,-1115.1094203254818,4362.408198713879,-1.902195,52.517723,-1118.525174729912,4427.126999999304,0.8428571428571429,0.4607142857142857,6650.0,56.255,RETAIL_HIGH_STREET,0.8428571428571429
Birmingham,2016,17,269,269,-1.8122739851301115,52.46433087360595,4978.275387143955,-1474.8386515987597,-1.812816,52.462507,4941.525840132486,-1676.449640000075,0.8884758364312267,0.39776951672862454,7050.0,103.94999999999999,RETAIL_HIGH_STREET,0.8884758364312267
Birmingham,2016,18,966,966,-1.8543328561076604,52.47120279917184,2126.611083991517,-715.2159995448526,-1.855927,52.470521,2018.5253668475618,-790.5820800005451,0.8975155279503105,0.5652173913043478,4400.0,64.0,RETAIL_HIGH_STREET,0.8975155279503105
Birmingham,2016,19,294,294,-1.8237493639455784,52.44621105442177,4200.224826759533,-3477.8034642181915,-1.821821,52.445927,4330.971242421219,-3509.2028400005947,0.8639455782312925,0.608843537414966,8300.0,81.1,RETAIL_HIGH_STREET,0.8639455782312925
Birmingham,2016,20,691,691,-1.9368496483357451,52.50552692329957,-3468.1703577900503,3078.972681533667,-1.935616,52.5041,-3384.526863803582,2921.2405799998014,0.9247467438494935,0.6063675832127352,4750.0,79.2,RETAIL_HIGH_STREET,0.9247467438494935
Birmingham,2016,21,430,430,-1.9027282511627905,52.5049832255814,-1154.6805272203842,3018.8723357671424,-1.904218,52.503127,-1255.6880788020756,2813.6851599995925,0.9279069767441861,0.5674418604651162,3850.0,83.0,RETAIL_HIGH_STREET,0.9279069767441861
Birmingham,2016,22,212,212,-1.8598081415094339,52.44617698584905,1755.377249917756,-3481.569404245523,-1.859623,52.446308,1767.9301649440843,-3467.087100000108,0.9245283018867925,0.5235849056603774,6400.0,63.6,RETAIL_HIGH_STREET,0.9245283018867925
Birmingham,2016,23,243,243,-1.8771050452674898,52.455966810699586,582.6172148649696,-2399.402165267792,-1.876859,52.456287,599.2995101798961,-2364.008439999965,0.8518518518518519,0.5925925925925926,5800.0,85.74000000000001,RETAIL_HIGH_STREET,0.8518518518518519
Birmingham,2016,24,338,338,-1.8679027662721894,52.45563666272189,1206.5476701678579,-2435.8967227222743,-1.8678810000000001,52.455774,1208.0234611240196,-2420.715460000528,0.9112426035502958,0.5680473372781065,6850.0,70.0,RETAIL_HIGH_STREET,0.9112426035502958
Birmingham,2016,25,415,415,-1.9109143349397588,52.48849276626506,-1709.7111865516074,1196.0169629394395,-1.911178,52.488069,-1727.5881343346136,1149.1738400000079,0.7108433734939759,0.5204819277108433,6700.0,80.4,RETAIL_HIGH_STREET,0.7108433734939759
Birmingham,2016,26,527,527,-1.8988509810246679,52.47806224667933,-891.7948959711363,43.027327931445136,-1.898595,52.478243,-874.4389391096329,63.00779999957825,0.8216318785578748,0.3795066413662239,39500.0,105.9,RETAIL_HIGH_STREET,0.8216318785578748
Birmingham,2016,27,243,243,-1.8959968065843624,52.4810260452675,-698.2769251550656,370.64562386795166,-1.89607,52.481343,-703.2395655148489,405.6817999999578,0.831275720164609,0.32510288065843623,23875.0,131.4,RETAIL_HIGH_STREET,0.831275720164609
Birmingham,2016,28,166,166,-1.8950612289156625,52.47777621084337,-634.843138687497,11.40892662623711,-1.895122,52.47762,-638.9635234681798,-5.858620000131651,0.9096385542168675,0.5240963855421686,73500.0,103.555,RETAIL_HIGH_STREET,0.9096385542168675
Birmingham,2016,29,283,283,-1.894054250883392,52.476273833922264,-566.5682838960521,-154.66381823350113,-1.893756,52.476109,-546.34635739671,-172.88456000020972,0.950530035335689,0.4628975265017668,4000.0,21.4,RETAIL_HIGH_STREET,0.950530035335689
Birmingham,2025,0,171,171,-1.8301952865497075,52.587365649122795,3763.1801091090915,12125.425434034736,-1.829018,52.587296,3843.0021763770096,12117.726419999904,0.8538011695906432,0.43859649122807015,15500.0,75.11,RETAIL_HIGH_STREET,0.8538011695906432
Birmingham,2025,1,523,523,-1.9753500764818355,52.40685058891013,-6078.566073331181,-7828.709321874123,-1.972589,52.410562,-5891.360305355924,-7418.449940000458,0.858508604206501,0.4780114722753346,8400.0,76.1,RETAIL_HIGH_STREET,0.858508604206501
Birmingham,2025,2,220,220,-1.950874418181818,52.45888926363636,-4419.074045892463,-2076.354217636624,-1.948602,52.458958,-4265.000157071605,-2068.7561000000287,0.7863636363636364,0.40454545454545454,16000.0,100.9,RETAIL_HIGH_STREET,0.7863636363636364
Birmingham,2025,3,219,219,-1.7805152739726025,52.45565064840182,7131.571013418387,-2434.3507456624498,-1.780303,52.452891,7145.96355644416,-2739.4022800002053,0.8584474885844748,0.4657534246575342,10750.0,84.91,RETAIL_HIGH_STREET,0.8584474885844748
Birmingham,2025,4,194,194,-1.9360201030927835,52.442567376288665,-3411.925753448036,-3880.5756450518415,-1.935836,52.443685,-3399.4432448692573,-3757.0335200000877,0.7577319587628866,0.44329896907216493,11875.0,76.71000000000001,RETAIL_HIGH_STREET,0.7577319587628866
Birmingham,2025,5,452,452,-1.9248907920353981,52.42110505530973,-2657.339186491291,-6253.020606062287,-1.923271,52.4230275,-2547.514480822383,-6040.513570000333,0.8672566371681416,0.48672566371681414,8100.0,65.04,RETAIL_HIGH_STREET,0.8672566371681416
Birmingham,2025,6,306,306,-1.8928418267973857,52.434588405228766,-484.363830804747,-4762.571106013378,-1.8927040000000002,52.434944,-475.01893520990006,-4723.263660000149,0.7941176470588235,0.477124183006536,14250.0,86.9,RETAIL_HIGH_STREET,0.7941176470588235
Birmingham,2025,7,242,242,-1.8181492024793393,52.514003099173564,4579.925474304001,4015.9291626443273,-1.821268,52.51442,4368.465600281765,4062.013379999813,0.6570247933884298,0.41735537190082644,10750.0,127.73500000000001,RETAIL_HIGH_STREET,0.6570247933884298
Birmingham,2025,8,746,746,-1.8415137252010723,52.52597940214476,2995.7703636894644,5339.789693082813,-1.840272,52.524771,3079.9614831351905,5206.212919999813,0.8914209115281502,0.435656836461126,6900.0,74.4,RETAIL_HIGH_STREET,0.8914209115281502
Birmingham,2025,9,328,328,-1.8241769176829268,52.561020118902434,4171.23594279431,9213.190523475287,-1.824376,52.561377,4157.737816862934,9252.640159999706,0.7957317073170732,0.38109756097560976,19500.0,120.2,RETAIL_HIGH_STREET,0.7957317073170732
Birmingham,2025,10,294,294,-1.882830210884354,52.54375598639455,194.44106938636662,7304.813316054091,-1.884377,52.540917,89.56608812622645,6990.991759999714,0.8843537414965986,0.4897959183673469,8500.0,85.85,RETAIL_HIGH_STREET,0.8843537414965986
Birmingham,2025,11,203,203,-1.8504623201970443,52.54881434482758,2389.040122951345,7863.964257241019,-1.844112,52.548956,2819.6028318068916,7879.622819999336,0.729064039408867,0.4088669950738916,12000.0,106.1,RETAIL_HIGH_STREET,0.729064039408867
Birmingham,2025,12,152,152,-1.9420205592105262,52.486741980263155,-3818.7670717215055,1002.485078289136,-1.942003,52.486774,-3817.576526833215,1006.0245399993402,0.9078947368421053,0.5263157894736842,9000.0,67.37,RETAIL_HIGH_STREET,0.9078947368421053
Birmingham,2025,13,184,184,-1.9022886630434777,52.517176972826086,-1124.875691313058,4366.769156195214,-1.903063,52.517723,-1177.377078207236,4427.126999999304,0.8043478260869565,0.45108695652173914,9900.0,67.69999999999999,RETAIL_HIGH_STREET,0.8043478260869565
Birmingham,2025,14,163,163,-1.8111763251533743,52.46505770552148,5052.698634841967,-1394.4946516567331,-1.810441,52.465875,5102.554953909753,-1304.1509200006599,0.8773006134969326,0.5460122699386503,11750.0,89.35,RETAIL_HIGH_STREET,0.8773006134969326
Birmingham,2025,15,248,248,-1.8243769314516127,52.445890322580645,4157.674662830198,-3513.257161935952,-1.821821,52.445927,4330.971242421219,-3509.2028400005947,0.8629032258064516,0.45564516129032256,11750.0,79.4,RETAIL_HIGH_STREET,0.8629032258064516
Birmingham,2025,16,408,408,-1.8521468848039215,52.489557705882355,2274.823724742508,1313.7353882349796,-1.852136,52.489478,2275.5617333021423,1304.9246999994918,0.9485294117647058,0.5294117647058824,11250.0,66.36,RETAIL_HIGH_STREET,0.9485294117647058
Birmingham,2025,17,287,287,-1.8269005191637633,52.49182967595819,3986.571044797886,1564.8789604177912,-1.830322,52.493164,3754.5887176967785,1712.3751399996968,0.8885017421602788,0.5331010452961672,9700.0,66.37,RETAIL_HIGH_STREET,0.8885017421602788
Birmingham,2025,18,614,614,-1.9364764185667753,52.50562768566775,-3442.864732976349,3090.110953713034,-1.935616,52.503893,-3384.526863803582,2898.35879999945,0.9153094462540716,0.47068403908794787,8600.0,72.4,RETAIL_HIGH_STREET,0.9153094462540716
Birmingham,2025,19,392,392,-1.9045967015306122,52.5046200867347,-1281.3646985328508,2978.7309676527498,-1.90642,52.503045,-1404.9874929231466,2804.6208799997,0.9591836734693877,0.5459183673469388,7850.0,66.1,RETAIL_HIGH_STREET,0.9591836734693877
Birmingham,2025,20,804,804,-1.8565794179104478,52.47183570024876,1974.2903024552238,-645.2551145028134,-1.857095,52.470521,1939.3329437352168,-790.5820800005451,0.8942786069651741,0.5771144278606966,7500.0,50.5,RETAIL_HIGH_STREET,0.8942786069651741
Birmingham,2025,21,1159,1159,-1.8704101906816224,52.45494234771355,1036.539952056516,-2512.6463037448934,-1.86987,52.455415,1073.1658159438236,-2460.399320000086,0.8843830888697153,0.5004314063848145,9000.0,66.5,RETAIL_HIGH_STREET,0.8843830888697153
Birmingham,2025,22,362,362,-1.910461367403315,52.488484618784526,-1678.9992029880423,1195.1163404416814,-1.910812,52.488059,-1702.7727003798796,1148.0684399996571,0.7154696132596685,0.3812154696132597,8850.0,70.775,RETAIL_HIGH_STREET,0.7154696132596685
Birmingham,2025,23,170,170,-1.8937854823529412,52.47609525882353,-548.345311992999,-174.40350964725906,-1.893756,52.476109,-546.34635739671,-172.88456000020972,0.9823529411764705,0.5882352941176471,4950.0,17.4,RETAIL_HIGH_STREET,0.9823529411764705
Birmingham,2025,24,210,210,-1.8948874142857146,52.47756836666667,-623.0582057097675,-11.566168666974775,-1.8949835,52.47762,-629.5729835700156,-5.858620000131651,0.8285714285714286,0.47619047619047616,91750.0,153.24,RETAIL_HIGH_STREET,0.8285714285714286
Birmingham,2025,25,401,401,-1.897896566084788,52.47908997256859,-827.0839098891814,156.63214773046667,-1.898477,52.479108,-866.438334719853,158.6248999992965,0.7755610972568578,0.3541147132169576,33000.0,120.8,RETAIL_HIGH_STREET,0.7755610972568578
Liverpool,2016,0,219,219,-2.864146132420091,53.38131569863014,5712.275455520962,-2721.638653424848,-2.866404,53.376329,5562.437735804259,-3272.8683200003525,0.7899543378995434,0.2557077625570776,10875.0,93.1,RETAIL_HIGH_STREET,0.7899543378995434
Liverpool,2016,1,505,505,-2.871701423762377,53.34658636831684,5210.88749256123,-6560.61882625734,-2.872634,53.346932,5148.999409242735,-6522.412699999899,0.998019801980198,0.6099009900990099,93.0,4.65,RETAIL_HIGH_STREET,0.998019801980198
Liverpool,2016,2,338,338,-2.8926770384615392,53.35571855621302,3818.893425174238,-5551.146776213153,-2.8976725,53.355179,3487.3821476679686,-5610.789320000205,0.7337278106508875,0.29289940828402367,5000.0,92.05,RETAIL_HIGH_STREET,0.7337278106508875
Liverpool,2016,3,248,248,-2.9226524596774195,53.444169112903225,1829.6497677953091,4226.177760322448,-2.926666,53.441942,1563.3012293434729,3979.992699999541,0.8830645161290323,0.21774193548387097,11000.0,105.1,RETAIL_HIGH_STREET,0.8830645161290323
Liverpool,2016,4,172,172,-2.908008610465117,53.431581005813946,2801.4520972903238,2834.688402674168,-2.910587,53.431854,2630.3437418286708,2864.865179999972,0.8604651162790697,0.37790697674418605,5200.0,63.71,RETAIL_HIGH_STREET,0.8604651162790697
Liverpool,2016,5,194,194,-2.9355155463917524,53.42436465463917,976.0232757263298,2036.992943814226,-2.93443,53.424408,1048.0628397088578,2041.7843400001857,0.9175257731958762,0.26288659793814434,4700.0,58.4,RETAIL_HIGH_STREET,0.9175257731958762
Liverpool,2016,6,412,412,-2.9605003713592235,53.46209958495145,-682.0319769195404,6208.2121405337675,-2.960871,53.462989,-706.6278172114341,6306.528079999864,0.8932038834951457,0.28883495145631066,4350.0,68.325,RETAIL_HIGH_STREET,0.8932038834951457
Liverpool,2016,7,468,468,-2.970719982905983,53.44061873076922,-1360.23086873353,3833.7185192305574,-2.970936,53.4409165,-1374.5663014556992,3866.6339299998463,0.8803418803418803,0.27564102564102566,4200.0,69.23,RETAIL_HIGH_STREET,0.8803418803418803
Liverpool,2016,8,448,448,-2.9568769241071426,53.42685966964286,-441.5709868257819,2312.791902321274,-2.957578,53.426981,-488.0961303146125,2326.2037599995897,0.8482142857142857,0.28125,3500.0,68.2,RETAIL_HIGH_STREET,0.8482142857142857
Liverpool,2016,9,944,944,-2.9274726440677967,53.39246348728814,1509.7703186660067,-1489.3620951696125,-2.926433,53.39187,1578.7636900318996,-1554.9661800004721,0.8813559322033898,0.3093220338983051,4650.0,71.275,RETAIL_HIGH_STREET,0.8813559322033898
Liverpool,2016,10,478,478,-2.917526368200837,53.41430168410043,2169.8299735544747,924.6321804600889,-2.9176659999999996,53.4148175,2160.5636593681593,981.6504699996149,0.8493723849372385,0.3179916317991632,5050.0,74.0,RETAIL_HIGH_STREET,0.8493723849372385
Liverpool,2016,11,136,136,-2.964684823529412,53.385672235294116,-959.7226515294071,-2240.0670905883635,-2.963965,53.384811,-911.9533681554691,-2335.268040000268,0.8602941176470589,0.2647058823529412,2800.0,54.55,RETAIL_HIGH_STREET,0.8602941176470589
Liverpool,2016,12,145,145,-2.9489319172413797,53.38015555862069,85.67946953073896,-2849.8805300690633,-2.948138,53.380328,138.3657962890287,-2830.818860000318,0.8482758620689655,0.33793103448275863,5800.0,64.9,RETAIL_HIGH_STREET,0.8482758620689655
Liverpool,2016,13,381,381,-2.9479452467191605,53.41038928083989,151.15738439010937,492.1551240417626,-2.948736,53.411935,98.68102593852299,663.0189199997978,0.847769028871391,0.1994750656167979,3225.0,66.945,RETAIL_HIGH_STREET,0.847769028871391
Liverpool,2016,14,164,164,-2.9779052500000005,53.40273932317073,-1837.0631003945296,-353.4711967076152,-2.9776664999999998,53.402755,-1821.2190553758196,-351.73828000027197,0.7134146341463414,0.21951219512195122,24250.0,166.7,RETAIL_HIGH_STREET,0.7134146341463414
Liverpool,2016,15,851,851,-2.987677737955346,53.40566728202115,-2485.5897563497783,-29.81462538204076,-2.98741,53.406011,-2467.8219983697677,8.179959999768869,0.7861339600470035,0.199764982373678,30000.0,147.5,RETAIL_HIGH_STREET,0.7861339600470035
Liverpool,2016,16,155,155,-2.9808810838709667,53.40617507741935,-2034.546852519414,26.317077935087024,-2.980842,53.406228,-2031.9531494361938,32.167139999685475,1.0,0.05161290322580645,3100.0,20.96,RETAIL_HIGH_STREET,1.0
Liverpool,2016,17,251,251,-2.981208043824701,53.406818298804794,-2056.244729906927,97.41876988027879,-2.98125,53.406827,-2059.0290462639914,98.38059999980999,0.9920318725099602,0.01195219123505976,460.0,13.7,RETAIL_HIGH_STREET,0.9920318725099602
Liverpool,2025,0,204,204,-2.8639739411764698,53.38167771078432,5723.702495586951,-2681.6218299021607,-2.863252,53.376329,5771.61231129735,-3272.8683200003525,0.7205882352941176,0.6911764705882353,10250.0,88.6,RETAIL_HIGH_STREET,0.7205882352941176
Liverpool,2025,1,390,390,-2.9565793820512822,53.46490921025641,-421.82535445712125,6518.788121743386,-2.959319,53.464331,-603.6332292782749,6454.872759999982,0.8948717948717949,0.6435897435897436,4325.0,66.6,RETAIL_HIGH_STREET,0.8948717948717949
Liverpool,2025,2,275,275,-2.897943432727273,53.35542947636364,3469.4023766608498,-5583.101662763823,-2.89895,53.354351,3402.6040638505738,-5702.316440000039,0.730909090909091,0.6218181818181818,5500.0,73.30000000000001,RETAIL_HIGH_STREET,0.730909090909091
Liverpool,2025,3,927,927,-2.87255809600863,53.346914097087385,5154.036587279872,-6524.391687961067,-2.872634,53.346932,5148.999409242735,-6522.412699999899,0.9989212513484358,0.7162891046386192,230.0,4.65,RETAIL_HIGH_STREET,0.9989212513484358
Liverpool,2025,4,344,344,-2.9552330872093022,53.426529645348836,-332.48187347372925,2276.311016860332,-2.955772,53.426216,-368.24546935634345,2241.640659999453,0.8343023255813954,0.6424418604651163,4000.0,71.15,RETAIL_HIGH_STREET,0.8343023255813954
Liverpool,2025,5,567,567,-2.9700095802469133,53.44091313051147,-1313.0867777944488,3866.2614667370003,-2.970583,53.441298,-1351.1403417002837,3908.8049400001937,0.8395061728395061,0.6243386243386243,4200.0,68.6,RETAIL_HIGH_STREET,0.8395061728395061
Liverpool,2025,6,314,314,-2.932843429936306,53.43102465923566,1153.3515832251212,2773.1898519106153,-2.93193,53.426638,1213.969070271265,2288.2885399994934,0.8757961783439491,0.643312101910828,5800.0,66.485,RETAIL_HIGH_STREET,0.8757961783439491
Liverpool,2025,7,140,140,-2.9086475714285718,53.432343149999994,2759.0490553209765,2918.9358209997804,-2.910587,53.431854,2630.3437418286708,2864.865179999972,0.8,0.75,7200.0,63.0,RETAIL_HIGH_STREET,0.8
Liverpool,2025,8,187,187,-2.9445074973262035,53.412243427807475,379.29500175158586,697.1125298393412,-2.946426,53.412241,251.97838297816335,696.8441600000097,0.8502673796791443,0.7540106951871658,4250.0,66.35,RETAIL_HIGH_STREET,0.8502673796791443
Liverpool,2025,9,405,405,-2.9169446320987653,53.41425589382715,2208.4354311051693,919.570523654156,-2.916031,53.414654,2269.06633415598,963.5771799996904,0.7876543209876543,0.6469135802469136,6550.0,78.8,RETAIL_HIGH_STREET,0.7876543209876543
Liverpool,2025,10,138,138,-2.9488754782608697,53.38019211594204,89.42490093600163,-2845.8394837682113,-2.948138,53.380427,138.3657962890287,-2819.875400000065,0.7681159420289855,0.7463768115942029,9050.0,61.85,RETAIL_HIGH_STREET,0.7681159420289855
Liverpool,2025,11,145,145,-2.9480370413793104,53.395903800000006,145.0656619696004,-1109.069928000129,-2.949183,53.395845,69.0169919139435,-1115.5696800000235,0.9172413793103448,0.5517241379310345,4600.0,56.55,RETAIL_HIGH_STREET,0.9172413793103448
Liverpool,2025,12,236,236,-2.9130380296610165,53.387838258474574,2467.6873050062813,-2000.6348882204236,-2.912403,53.388468,2509.829455948148,-1931.0232599998235,0.8432203389830508,0.7330508474576272,17250.0,99.4,RETAIL_HIGH_STREET,0.8432203389830508
Liverpool,2025,13,116,116,-2.9237377413793117,53.399355586206894,1757.627769291673,-727.5094806897703,-2.924157,53.399285,1729.8047223359,-735.3120800002813,0.853448275862069,0.6120689655172413,6200.0,63.9,RETAIL_HIGH_STREET,0.853448275862069
Liverpool,2025,14,153,153,-2.933153816993464,53.393397594771244,1132.7535245577242,-1386.1058539870255,-2.932981,53.39187,1144.2220909428333,-1554.9661800004721,0.8888888888888888,0.7254901960784313,6900.0,57.3,RETAIL_HIGH_STREET,0.8888888888888888
Liverpool,2025,15,160,160,-2.9811373312500002,53.39350897500001,-2051.552067218109,-1373.7938835001373,-2.979478,53.393233,-1941.4347100413331,-1404.3001599999318,0.81875,0.13125,4700.0,61.9,RETAIL_HIGH_STREET,0.81875
Liverpool,2025,16,163,163,-2.9739932515337424,53.40957363190185,-1577.4531325934342,401.9932904293315,-2.972949,53.409472,-1508.1539983045404,390.75889999993365,0.7177914110429447,0.5460122699386503,9700.0,120.945,RETAIL_HIGH_STREET,0.7177914110429447
Liverpool,2025,17,1827,1827,-2.9843047848932676,53.405296374931574,-2261.7521849923924,-70.81469506311294,-2.984284,53.405512,-2260.372847674532,-46.97949999998869,0.6765188834154351,0.5270935960591133,20250.0,111.48,RETAIL_HIGH_STREET,0.6765188834154351
